Parada;Veiculo;Rota;DataHoraAntesParada;DistanciaAntesParada;DataHoraDepoisParada;DistanciaDepoisParada;VelociadadeKmH
FIM 104C;2050;0104C;21/03/2018 06:51;10,3046875;21/03/2018 06:52;0,015625;0,688000023
FIM 104C;2004;0104C;21/03/2018 07:04;33,1953125;21/03/2018 07:05;0,00390625;3,983999968
FIM 104C;2083;0104C;21/03/2018 07:20;33,1953125;21/03/2018 07:21;0,00390625;2,173090935
FIM 104C;2062;0104C;21/03/2018 07:43;33,18359375;21/03/2018 07:43;0,015625;4,268571377
FIM 104C;2052;0104C;21/03/2018 08:06;33,1953125;21/03/2018 08:07;0,00390625;3,983999968
FIM 104C;2053;0104C;21/03/2018 08:08;33,1953125;21/03/2018 08:08;0,00390625;19,92000008
P01 I 104C;2083;0104C;21/03/2018 06:09;27,57275391;21/03/2018 06:09;167,3574219;22,63703156
P01 I 104C;2062;0104C;21/03/2018 06:18;9,182617188;21/03/2018 06:19;124,4372559;16,03440094
P01 I 104C;2052;0104C;21/03/2018 06:46;57,65258789;21/03/2018 06:46;51,27734375;15,08261585
P01 I 104C;2026;0104C;21/03/2018 07:27;9,182617188;21/03/2018 07:28;253,4973145;17,1935997
P01 I 104C;2083;0104C;21/03/2018 07:34;9,162597656;21/03/2018 07:35;253,517334;31,52160072
P01 I 104C;2062;0104C;21/03/2018 07:54;9,192626953;21/03/2018 07:55;167,3674316;21,18720055
P01 I 104C;2052;0104C;21/03/2018 08:17;9,182617188;21/03/2018 08:17;124,4372559;16,03440094
P02 I 104C;2026;0104C;21/03/2018 07:16;0,58004567;21/03/2018 07:18;125,0799543;3,677853584
P02 I 104C;2062;0104C;21/03/2018 07:44;0,040045679;21/03/2018 07:44;38,26995295;4,597199917
P02 I 104C;2053;0104C;21/03/2018 08:14;0,420045674;21/03/2018 08:14;1,579954326;0,239999995
P03 I 104C;2052;0104C;21/03/2018 00:03;145,2647552;21/03/2018 00:03;143,255249;34,62239838
P03 I 104C;2062;0104C;21/03/2018 00:03;32,22476196;21/03/2018 00:04;327,9752197;41,82967758
P03 I 104C;2083;0104C;21/03/2018 00:43;221,4347534;21/03/2018 00:43;37,96524048;29,18250084
P03 I 104C;2026;0104C;21/03/2018 05:52;250,6147614;21/03/2018 05:52;366,8452148;185,2380066
P03 I 104C;2083;0104C;21/03/2018 05:58;1,704772949;21/03/2018 05:59;99,23522949;6,606981754
P03 I 104C;2062;0104C;21/03/2018 06:10;72,65475464;21/03/2018 06:11;67,6852417;16,84079933
P03 I 104C;2052;0104C;21/03/2018 06:34;14,01477051;21/03/2018 06:35;99,23522949;9,06000042
P03 I 104C;2053;0104C;21/03/2018 06:39;196,4347534;21/03/2018 06:40;99,24523926;19,35359955
P03 I 104C;2050;0104C;21/03/2018 06:57;0,754760742;21/03/2018 06:57;5,645233154;2,880000114
P03 I 104C;2026;0104C;21/03/2018 07:18;254,0047607;21/03/2018 07:19;182,0352173;28,03114319
P03 I 104C;2083;0104C;21/03/2018 07:26;250,5647583;21/03/2018 07:26;67,69525146;38,19120026
P03 I 104C;2062;0104C;21/03/2018 07:45;251,9147644;21/03/2018 07:46;5,645233154;21,56316185
P03 I 104C;2052;0104C;21/03/2018 08:09;98,92477417;21/03/2018 08:10;143,2352295;15,85047245
P04 I 104C;2052;0104C;21/03/2018 00:03;57,05499268;21/03/2018 00:03;76,86499023;37,08553696
P04 I 104C;2062;0104C;21/03/2018 00:03;232,5350037;21/03/2018 00:04;127,664978;41,82967758
P04 I 104C;2083;0104C;21/03/2018 00:43;162,3450012;21/03/2018 00:44;166,5449829;39,46680069
P04 I 104C;2026;0104C;21/03/2018 05:52;450,9250031;21/03/2018 05:52;166,5349731;185,2380066
P04 I 104C;2083;0104C;21/03/2018 05:59;57,06500244;21/03/2018 05:59;6,275024414;17,540308
P04 I 104C;2062;0104C;21/03/2018 06:11;132,625;21/03/2018 06:11;155,4949951;34,57440186
P04 I 104C;2052;0104C;21/03/2018 06:35;101,0750122;21/03/2018 06:36;76,875;18,84176445
P04 I 104C;2053;0104C;21/03/2018 06:40;101,0650024;21/03/2018 06:40;127,664978;27,44759941
P04 I 104C;2050;0104C;21/03/2018 06:57;194,6650085;21/03/2018 06:58;127,625;24,68604279
P04 I 104C;2026;0104C;21/03/2018 07:19;18,27502441;21/03/2018 07:19;6,275024414;17,6760006
P04 I 104C;2083;0104C;21/03/2018 07:27;18,28497314;21/03/2018 07:27;155,4949951;104,2679977
P04 I 104C;2062;0104C;21/03/2018 07:47;57,06500244;21/03/2018 07:47;166,5250244;26,8307991
P04 I 104C;2052;0104C;21/03/2018 08:11;57,04498291;21/03/2018 08:11;166,5250244;804,8519897
P05 I 104C;2052;0104C;21/03/2018 00:03;64,8963623;21/03/2018 00:04;446,5836182;33,4786911
P05 I 104C;2062;0104C;21/03/2018 00:04;64,8963623;21/03/2018 00:04;355,5537109;50,45399857
P05 I 104C;2083;0104C;21/03/2018 00:44;26,01635742;21/03/2018 00:44;387,4436035;49,61520004
P05 I 104C;2026;0104C;21/03/2018 05:52;26,02636719;21/03/2018 05:53;388,7937012;27,15185547
P05 I 104C;2083;0104C;21/03/2018 06:01;26,04632568;21/03/2018 06:01;123,3036499;179,2200012
P05 I 104C;2062;0104C;21/03/2018 06:11;37,06634521;21/03/2018 06:12;167,7436523;24,57719994
P05 I 104C;2052;0104C;21/03/2018 06:37;26,00634766;21/03/2018 06:38;167,7736816;24,91457176
P05 I 104C;2053;0104C;21/03/2018 06:41;37,07635498;21/03/2018 06:42;5,123657227;2,762181759
P05 I 104C;2026;0104C;21/03/2018 07:21;37,06634521;21/03/2018 07:21;463,0437012;257,1994324
P05 I 104C;2026;0104C;21/03/2018 07:21;37,06634521;21/03/2018 07:21;463,0437012;
P05 I 104C;2026;0104C;21/03/2018 07:21;37,06634521;21/03/2018 07:22;688,3336182;47,48072815
P05 I 104C;2083;0104C;21/03/2018 07:28;37,05633545;21/03/2018 07:29;285,4936523;21,11236382
P05 I 104C;2062;0104C;21/03/2018 07:47;26,03631592;21/03/2018 07:48;52,50366211;9,424799919
P05 I 104C;2052;0104C;21/03/2018 08:11;26,03631592;21/03/2018 08:11;82,54364014;11,49670601
P06 I 104C;2052;0104C;21/03/2018 00:03;309,597168;21/03/2018 00:04;201,8828125;33,4786911
P06 I 104C;2062;0104C;21/03/2018 00:04;309,597168;21/03/2018 00:04;110,8529053;50,45399857
P06 I 104C;2083;0104C;21/03/2018 00:44;270,7171631;21/03/2018 00:44;142,7427979;49,61520004
P06 I 104C;2026;0104C;21/03/2018 05:52;270,7271729;21/03/2018 05:53;144,0928955;27,15185547
P06 I 104C;2083;0104C;21/03/2018 06:01;121,3971558;21/03/2018 06:02;218,3828125;22,24014473
P06 I 104C;2062;0104C;21/03/2018 06:12;76,95715332;21/03/2018 06:12;210,8529053;34,53720093
P06 I 104C;2052;0104C;21/03/2018 06:38;76,92712402;21/03/2018 06:38;5,552856445;8,733176231
P06 I 104C;2026;0104C;21/03/2018 07:21;281,7671509;21/03/2018 07:21;218,3428955;257,1994324
P06 I 104C;2026;0104C;21/03/2018 07:21;281,7671509;21/03/2018 07:21;218,3428955;
P06 I 104C;2026;0104C;21/03/2018 07:21;281,7671509;21/03/2018 07:22;443,6328125;47,48072815
P06 I 104C;2083;0104C;21/03/2018 07:28;281,7571411;21/03/2018 07:29;40,79284668;21,11236382
P06 I 104C;2062;0104C;21/03/2018 07:48;192,1971436;21/03/2018 07:48;137,0828857;39,5135994
P06 I 104C;2052;0104C;21/03/2018 08:11;162,1571655;21/03/2018 08:12;323,3428955;31,77818108
P07 I 104C;2052;0104C;21/03/2018 00:05;50,17590332;21/03/2018 00:05;184,0740967;28,11000061
P07 I 104C;2062;0104C;21/03/2018 00:05;108,2958984;21/03/2018 00:05;131,2740479;28,74839973
P07 I 104C;2083;0104C;21/03/2018 00:45;108,2958984;21/03/2018 00:45;184,0740967;35,08440018
P07 I 104C;2026;0104C;21/03/2018 05:55;4,955932617;21/03/2018 05:56;289,0240479;28,60346031
P07 I 104C;2083;0104C;21/03/2018 06:03;4,965942383;21/03/2018 06:03;292,2740479;22,76731873
P07 I 104C;2062;0104C;21/03/2018 06:13;50,18591309;21/03/2018 06:13;70,09399414;14,43360043
P07 I 104C;2052;0104C;21/03/2018 06:39;162,7858887;21/03/2018 06:40;110,3140869;18,55018806
P07 I 104C;2026;0104C;21/03/2018 07:21;655,2859497;21/03/2018 07:22;70,11401367;47,48072815
P07 I 104C;2083;0104C;21/03/2018 07:30;50,17590332;21/03/2018 07:30;110,3240967;19,26000023
P07 I 104C;2062;0104C;21/03/2018 07:49;50,18591309;21/03/2018 07:50;535,5040283;38,33607101
P07 I 104C;2052;0104C;21/03/2018 08:12;50,17590332;21/03/2018 08:13;257,5040283;36,92160034
P08 I 104C;2052;0104C;21/03/2018 00:05;100,6984863;21/03/2018 00:06;129,8814697;27,66959953
P08 I 104C;2062;0104C;21/03/2018 00:05;153,4985352;21/03/2018 00:06;129,8914795;34,00680161
P08 I 104C;2083;0104C;21/03/2018 00:45;100,6984863;21/03/2018 00:46;188,8314209;34,74359894
P08 I 104C;2026;0104C;21/03/2018 05:55;289,7285156;21/03/2018 05:56;4,251464844;28,60346031
P08 I 104C;2083;0104C;21/03/2018 06:03;289,7385254;21/03/2018 06:03;7,501464844;22,76731873
P08 I 104C;2062;0104C;21/03/2018 06:13;214,6785889;21/03/2018 06:14;55,42150879;32,41199875
P08 I 104C;2052;0104C;21/03/2018 06:40;27,27856445;21/03/2018 06:41;188,8314209;14,14538193
P08 I 104C;2026;0104C;21/03/2018 07:23;27,26855469;21/03/2018 07:23;238,201416;31,85639954
P08 I 104C;2083;0104C;21/03/2018 07:30;153,4985352;21/03/2018 07:30;4,261474609;40,56685638
P08 I 104C;2062;0104C;21/03/2018 07:49;334,9584961;21/03/2018 07:50;250,7314453;38,33607101
P08 I 104C;2052;0104C;21/03/2018 08:13;27,26855469;21/03/2018 08:13;129,8814697;18,8579998
P09 I 104C;2052;0104C;21/03/2018 00:06;114,9364014;21/03/2018 00:06;88,05358887;24,35880089
P09 I 104C;2062;0104C;21/03/2018 00:06;114,9263916;21/03/2018 00:06;77,17358398;23,05200005
P09 I 104C;2083;0104C;21/03/2018 00:46;55,9864502;21/03/2018 00:46;121,1136475;21,25200081
P09 I 104C;2026;0104C;21/03/2018 05:56;240,5664063;21/03/2018 05:57;39,41357422;83,9940033
P09 I 104C;2083;0104C;21/03/2018 06:04;114,9464111;21/03/2018 06:04;39,40356445;18,52199936
P09 I 104C;2062;0104C;21/03/2018 06:14;189,3963623;21/03/2018 06:14;39,39355469;27,45479965
P09 I 104C;2052;0104C;21/03/2018 06:41;6,616455078;21/03/2018 06:41;19,44360352;4,264363766
P09 I 104C;2026;0104C;21/03/2018 07:23;6,616455078;21/03/2018 07:24;77,15356445;10,05239964
P09 I 104C;2083;0104C;21/03/2018 07:30;240,5563965;21/03/2018 07:31;39,43359375;18,32661819
P09 I 104C;2062;0104C;21/03/2018 07:49;579,7763672;21/03/2018 07:50;5,913574219;38,33607101
P09 I 104C;2052;0104C;21/03/2018 08:13;114,9364014;21/03/2018 08:14;121,0836182;28,32239914
P10 I 104C;2052;0104C;21/03/2018 00:07;48,73168945;21/03/2018 00:07;215,4082031;31,69680023
P10 I 104C;2062;0104C;21/03/2018 00:07;48,73168945;21/03/2018 00:07;179,3083496;27,3647995
P10 I 104C;2083;0104C;21/03/2018 00:46;202,2617188;21/03/2018 00:47;37,97827148;28,8288002
P10 I 104C;2026;0104C;21/03/2018 05:57;283,961792;21/03/2018 05:58;179,2983398;29,78100014
P10 I 104C;2083;0104C;21/03/2018 06:05;99,95166016;21/03/2018 06:06;37,94824219;16,54800034
P10 I 104C;2062;0104C;21/03/2018 06:15;173,2316895;21/03/2018 06:15;37,93823242;24,52296829
P10 I 104C;2052;0104C;21/03/2018 06:43;7,021728516;21/03/2018 06:43;97,34814453;187,8659973
P10 I 104C;2026;0104C;21/03/2018 07:24;246,2017822;21/03/2018 07:25;5,778320313;302,3760071
P10 I 104C;2083;0104C;21/03/2018 07:32;48,74169922;21/03/2018 07:32;179,3083496;27,36599922
P10 I 104C;2062;0104C;21/03/2018 07:52;283,9718018;21/03/2018 07:52;226,8181152;459,7109985
P10 I 104C;2052;0104C;21/03/2018 08:14;202,291748;21/03/2018 08:14;5,788330078;24,96960068
P11 I 104C;2052;0104C;21/03/2018 00:07;246,5651855;21/03/2018 00:07;17,57470703;31,69680023
P11 I 104C;2062;0104C;21/03/2018 00:07;18,52514648;21/03/2018 00:08;167,4648438;22,31879997
P11 I 104C;2083;0104C;21/03/2018 00:47;159,8552246;21/03/2018 00:47;28,98461914;35,7802124
P11 I 104C;2026;0104C;21/03/2018 05:58;18,53515625;21/03/2018 05:58;18,29467773;26,51759911
P11 I 104C;2083;0104C;21/03/2018 06:06;159,8752441;21/03/2018 06:06;28,97485352;23,44344902
P11 I 104C;2062;0104C;21/03/2018 06:15;159,8952637;21/03/2018 06:16;28,97485352;22,6644001
P11 I 104C;2052;0104C;21/03/2018 06:43;100,4853516;21/03/2018 06:43;28,99462891;15,03638744
P11 I 104C;2026;0104C;21/03/2018 07:25;192,0551758;21/03/2018 07:25;115,9248047;20,15869141
P11 I 104C;2083;0104C;21/03/2018 07:32;18,52514648;21/03/2018 07:33;71,48461914;10,80119991
P11 I 104C;2062;0104C;21/03/2018 07:52;481,8052979;21/03/2018 07:52;28,98461914;459,7109985
P11 I 104C;2052;0104C;21/03/2018 08:14;192,045166;21/03/2018 08:15;20,14477539;24,64141846
P12 I 104C;2083;0104C;21/03/2018 06:08;226,7578125;21/03/2018 06:08;3,532226563;829,0440063
P12 I 104C;2062;0104C;21/03/2018 06:16;305,3876953;21/03/2018 06:17;47,44213867;26,46224976
P12 I 104C;2052;0104C;21/03/2018 06:44;185,9978027;21/03/2018 06:45;192,2722168;25,69381142
P12 I 104C;2026;0104C;21/03/2018 07:26;41,43774414;21/03/2018 07:27;423,7822266;34,89149857
P12 I 104C;2083;0104C;21/03/2018 07:33;0,467773438;21/03/2018 07:34;423,8022461;27,77039909
P12 I 104C;2062;0104C;21/03/2018 07:52;347,8779297;21/03/2018 07:53;57,12207031;26,50909042
P12 I 104C;2052;0104C;21/03/2018 08:15;260,9377441;21/03/2018 08:16;3,542236328;31,73760033
P13 I 104C;2083;0104C;21/03/2018 06:08;217,416748;21/03/2018 06:09;184,4431152;25,83385658
P13 I 104C;2062;0104C;21/03/2018 06:18;23,97680664;21/03/2018 06:18;202,833252;27,21719933
P13 I 104C;2052;0104C;21/03/2018 06:45;28,67675781;21/03/2018 06:46;154,3632813;19,38070679
P13 I 104C;2026;0104C;21/03/2018 07:26;262,3867188;21/03/2018 07:27;202,833252;34,89149857
P13 I 104C;2083;0104C;21/03/2018 07:33;221,416748;21/03/2018 07:34;202,8532715;27,77039909
P13 I 104C;2062;0104C;21/03/2018 07:53;163,8269043;21/03/2018 07:54;11,77319336;21,0720005
P13 I 104C;2052;0104C;21/03/2018 08:16;23,97680664;21/03/2018 08:17;202,833252;27,21719933
P14 I 104C;2026;0104C;21/03/2018 06:01;5,868896484;21/03/2018 06:02;299,7709961;36,67679977
P14 I 104C;2083;0104C;21/03/2018 06:09;64,83911133;21/03/2018 06:09;130,0910645;22,63703156
P14 I 104C;2062;0104C;21/03/2018 06:18;46,44897461;21/03/2018 06:19;87,17089844;16,03440094
P14 I 104C;2052;0104C;21/03/2018 06:46;94,91894531;21/03/2018 06:46;14,01098633;15,08261585
P14 I 104C;2026;0104C;21/03/2018 07:27;46,44897461;21/03/2018 07:28;216,230957;17,1935997
P14 I 104C;2083;0104C;21/03/2018 07:34;46,42895508;21/03/2018 07:35;216,2509766;31,52160072
P14 I 104C;2062;0104C;21/03/2018 07:54;46,45898438;21/03/2018 07:55;130,1010742;21,18720055
P14 I 104C;2052;0104C;21/03/2018 08:17;46,44897461;21/03/2018 08:17;87,17089844;16,03440094
P16 I 104C;2026;0104C;21/03/2018 06:05;437,6396484;21/03/2018 06:05;5,23046875;177,147995
P16 I 104C;2083;0104C;21/03/2018 06:12;50,23974609;21/03/2018 06:13;35,8203125;12,9090004
P16 I 104C;2062;0104C;21/03/2018 06:23;34,80957031;21/03/2018 06:24;410,6303711;29,15607262
P16 I 104C;2052;0104C;21/03/2018 06:49;34,79980469;21/03/2018 06:49;35,8203125;11,05356503
P16 I 104C;2026;0104C;21/03/2018 07:32;150,3598633;21/03/2018 07:32;35,8203125;51,55753708
P16 I 104C;2083;0104C;21/03/2018 07:38;34,77978516;21/03/2018 07:39;320,6103516;22,8465004
P16 I 104C;2062;0104C;21/03/2018 07:58;149,7495117;21/03/2018 07:59;35,81054688;22,26720047
P16 I 104C;2052;0104C;21/03/2018 08:21;34,79980469;21/03/2018 08:22;35,8203125;8,474399567
P17 I 104C;2026;0104C;21/03/2018 06:05;376,4760742;21/03/2018 06:06;210,0141602;38,38843536
P17 I 104C;2083;0104C;21/03/2018 06:15;7,696289063;21/03/2018 06:15;40,55371094;6,680769444
P17 I 104C;2062;0104C;21/03/2018 06:26;1,666015625;21/03/2018 06:26;202,7241211;105,1148605
P17 I 104C;2052;0104C;21/03/2018 06:51;169,4960938;21/03/2018 06:51;40,56396484;756,2160034
P17 I 104C;2026;0104C;21/03/2018 07:34;376,4760742;21/03/2018 07:34;280,0341797;472,6871948
P17 I 104C;2083;0104C;21/03/2018 07:39;1,5859375;21/03/2018 07:40;210,0341797;25,39439964
P17 I 104C;2062;0104C;21/03/2018 08:00;12,77587891;21/03/2018 08:00;176,184082;22,67519951
P17 I 104C;2052;0104C;21/03/2018 08:23;19,75585938;21/03/2018 08:23;120,6538086;11,7552557
P18 I 104C;2026;0104C;21/03/2018 06:05;585,5283203;21/03/2018 06:06;0,961914063;38,38843536
P18 I 104C;2083;0104C;21/03/2018 06:16;8,288085938;21/03/2018 06:16;152,0917969;24,05699921
P18 I 104C;2062;0104C;21/03/2018 06:29;6,328125;21/03/2018 06:29;373,3818359;54,67824173
P18 I 104C;2052;0104C;21/03/2018 06:51;168,4882813;21/03/2018 06:52;155,6318359;21,21512794
P18 I 104C;2026;0104C;21/03/2018 07:34;585,5283203;21/03/2018 07:34;70,98193359;472,6871948
P18 I 104C;2083;0104C;21/03/2018 07:39;210,6381836;21/03/2018 07:40;0,981933594;25,39439964
P18 I 104C;2062;0104C;21/03/2018 08:00;32,86816406;21/03/2018 08:01;163,2714844;23,53680038
P18 I 104C;2052;0104C;21/03/2018 08:23;88,3984375;21/03/2018 08:24;17,29150391;31,70700073
P19 I 104C;2026;0104C;21/03/2018 06:07;0,360351563;21/03/2018 06:07;176,5595703;21,23040009
P19 I 104C;2083;0104C;21/03/2018 06:16;0,380371094;21/03/2018 06:17;284,4296875;33,07471085
P19 I 104C;2062;0104C;21/03/2018 06:29;202,7001953;21/03/2018 06:29;177,0097656;54,67824173
P19 I 104C;2052;0104C;21/03/2018 06:52;40,74023438;21/03/2018 06:52;149,949707;22,88279915
P19 I 104C;2026;0104C;21/03/2018 07:34;33,09033203;21/03/2018 07:35;173,949707;24,84480095
P19 I 104C;2083;0104C;21/03/2018 07:40;179,0703125;21/03/2018 07:41;158,7998047;22,11512756
P19 I 104C;2062;0104C;21/03/2018 08:01;0,380371094;21/03/2018 08:02;177,159668;21,30480003
P19 I 104C;2052;0104C;21/03/2018 08:24;0,350585938;21/03/2018 08:25;155,7094727;18,72719955
P20 I 104C;2026;0104C;21/03/2018 06:07;123,2456055;21/03/2018 06:08;24,5546875;17,73600006
P20 I 104C;2083;0104C;21/03/2018 06:17;15,37548828;21/03/2018 06:17;202,1142578;26,09880066
P20 I 104C;2062;0104C;21/03/2018 06:29;12,46533203;21/03/2018 06:30;2,5546875;1,590352893
P20 I 104C;2052;0104C;21/03/2018 06:53;12,46533203;21/03/2018 06:53;3,194335938;2,684571505
P20 I 104C;2026;0104C;21/03/2018 07:35;123,3056641;21/03/2018 07:36;205,5244141;24,15893936
P20 I 104C;2083;0104C;21/03/2018 07:42;12,4453125;21/03/2018 07:42;24,57421875;4,442399979
P20 I 104C;2062;0104C;21/03/2018 08:03;12,48535156;21/03/2018 08:03;205,034668;783,0720215
P20 I 104C;2052;0104C;21/03/2018 08:25;126,715332;21/03/2018 08:25;105,984375;837,7199707
P21 I 104C;2026;0104C;21/03/2018 06:08;183,6826172;21/03/2018 06:08;131,5673828;37,83000183
P21 I 104C;2083;0104C;21/03/2018 06:17;6,123046875;21/03/2018 06:18;222,0273438;27,37800026
P21 I 104C;2062;0104C;21/03/2018 06:30;203,7626953;21/03/2018 06:31;312,6572266;33,80203629
P21 I 104C;2052;0104C;21/03/2018 06:54;2,712890625;21/03/2018 06:55;262,6669922;31,84560013
P21 I 104C;2083;0104C;21/03/2018 07:42;183,6630859;21/03/2018 07:43;61,34716797;29,40119934
P21 I 104C;2062;0104C;21/03/2018 08:03;3,202636719;21/03/2018 08:04;333,5473633;22,04181862
P21 I 104C;2052;0104C;21/03/2018 08:25;102,2529297;21/03/2018 08:26;342,3369141;29,10043716
P22 I 104C;2026;0104C;21/03/2018 06:09;1,314453125;21/03/2018 06:10;72,78564453;24,25090981
P22 I 104C;2083;0104C;21/03/2018 06:18;23,234375;21/03/2018 06:19;89,265625;50,625
P22 I 104C;2062;0104C;21/03/2018 06:30;449,0244141;21/03/2018 06:31;67,39550781;33,80203629
P22 I 104C;2052;0104C;21/03/2018 06:54;247,9746094;21/03/2018 06:55;17,40527344;31,84560013
P22 I 104C;2083;0104C;21/03/2018 07:43;183,9145508;21/03/2018 07:43;87,80566406;32,60639954
P22 I 104C;2062;0104C;21/03/2018 08:03;248,4643555;21/03/2018 08:04;88,28564453;22,04181862
P22 I 104C;2052;0104C;21/03/2018 08:25;347,5146484;21/03/2018 08:26;97,07519531;29,10043716
P23 I 104C;2083;0104C;21/03/2018 06:19;487,0043945;21/03/2018 06:19;214,515625;49,51905823
P23 I 104C;2062;0104C;21/03/2018 06:32;284,284668;21/03/2018 06:33;211,7456055;59,52360153
P23 I 104C;2052;0104C;21/03/2018 06:57;187,5947266;21/03/2018 06:57;49,78564453;56,97119904
P23 I 104C;2062;0104C;21/03/2018 08:05;50,15478516;21/03/2018 08:05;603,4453125;78,43199921
P23 I 104C;2052;0104C;21/03/2018 08:27;44,5546875;21/03/2018 08:27;214,6352539;49,10968399
P24 I 104C;2083;0104C;21/03/2018 06:20;118,7988281;21/03/2018 06:20;493,9614258;73,53119659
P24 I 104C;2062;0104C;21/03/2018 06:33;210,5786133;21/03/2018 06:33;560,7211914;462,7799988
P24 I 104C;2052;0104C;21/03/2018 06:58;105,019043;21/03/2018 06:58;59,42138672;45,53723145
P24 I 104C;2062;0104C;21/03/2018 08:05;472,4790039;21/03/2018 08:05;181,1210938;78,43199921
P24 I 104C;2052;0104C;21/03/2018 08:27;207,6889648;21/03/2018 08:28;4,641113281;63,69900131
P25 I 104C;2083;0104C;21/03/2018 06:26;235,3720703;21/03/2018 06:26;544,4970703;561,5064087
P28 I 104C;2083;0104C;21/03/2018 06:27;19,81933594;21/03/2018 06:28;614,8212891;44,79811859
P28 I 104C;2026;0104C;21/03/2018 07:50;237,7587891;21/03/2018 07:50;221,1611328;43,47663116
P29 I 104C;2083;0104C;21/03/2018 06:27;415,1494141;21/03/2018 06:28;219,4912109;44,79811859
P30 I 104C;2083;0104C;21/03/2018 06:29;54,921875;21/03/2018 06:29;114,6279297;20,34600067
P31 I 104C;2050;0104C;21/03/2018 06:16;67,27929688;21/03/2018 06:17;29,12109375;11,56799984
P31 I 104C;2083;0104C;21/03/2018 06:38;3,87890625;21/03/2018 06:38;119,0810547;14,75520039
P31 I 104C;2062;0104C;21/03/2018 07:03;3,87890625;21/03/2018 07:04;29,69042969;4,028399944
P31 I 104C;2052;0104C;21/03/2018 07:30;3,888671875;21/03/2018 07:30;5,060546875;1,464545488
P31 I 104C;2053;0104C;21/03/2018 07:34;113,1386719;21/03/2018 07:35;29,07128906;10,44808197
P31 I 104C;2050;0104C;21/03/2018 07:47;3,899414063;21/03/2018 07:48;29,7109375;2,19992733
P31 I 104C;2004;0104C;21/03/2018 07:55;3,87890625;21/03/2018 07:55;0,920898438;3,45600009
P31 I 104C;2026;0104C;21/03/2018 08:00;17,43945313;21/03/2018 08:01;440,0302734;29,94349098
P31 I 104C;2083;0104C;21/03/2018 08:17;3,888671875;21/03/2018 08:18;0,930664063;0,385600001
P31 I 104C;2052;0104C;21/03/2018 08:58;3,888671875;21/03/2018 08:59;0,911132813;0,314181805
P32 V 104C;2083;0104C;21/03/2018 06:40;44,87304688;21/03/2018 06:41;399,1074219;29,06050873
P33 V 104C;2004;0104C;21/03/2018 06:22;370,3066406;21/03/2018 06:23;32,22265625;29,57363319
P33 V 104C;2083;0104C;21/03/2018 06:48;214,1074219;21/03/2018 06:49;273,203125;31,89665413
P33 V 104C*;2083;0104C;21/03/2018 06:43;51,64257813;21/03/2018 06:43;17,30859375;10,79217434
P33 V 104C*;2062;0104C;21/03/2018 06:56;54,53320313;21/03/2018 06:57;62,66796875;8,610611916
P33 V 104C*;2052;0104C;21/03/2018 07:22;51,65234375;21/03/2018 07:23;51,53710938;11,60887527
P33 V 104C*;2083;0104C;21/03/2018 08:11;51,65234375;21/03/2018 08:11;7,91796875;7,14839983
P33 V 104C*;2062;0104C;21/03/2018 08:28;31,57226563;21/03/2018 08:29;62,6875;6,169745445
P33 V 104C*;2052;0104C;21/03/2018 08:49;51,65234375;21/03/2018 08:49;23,5078125;6,29246521
P34 V 104C;2083;0104C;21/03/2018 00:13;264,0859375;21/03/2018 00:14;155,4746094;50,34719849
P34 V 104C;2004;0104C;21/03/2018 06:25;18,89453125;21/03/2018 06:25;155,5546875;89,7171402
P34 V 104C;2083;0104C;21/03/2018 06:50;277,5058594;21/03/2018 06:51;448,5644531;47,52458191
P34 V 104C;2062;0104C;21/03/2018 07:09;18,91601563;21/03/2018 07:10;221,9648438;28,90559959
P34 V 104C;2052;0104C;21/03/2018 07:35;276,9257813;21/03/2018 07:36;143,234375;38,7840004
P34 V 104C;2053;0104C;21/03/2018 07:39;58,99609375;21/03/2018 07:40;688,2753906;48,03878403
P34 V 104C;2050;0104C;21/03/2018 07:53;18,875;21/03/2018 07:54;155,4941406;20,92440033
P34 V 104C;2004;0104C;21/03/2018 08:01;276,9257813;21/03/2018 08:02;221,9746094;33,25999832
P34 V 104C;2083;0104C;21/03/2018 08:23;231,5058594;21/03/2018 08:23;155,4648438;44,93844986
P34 V 104C;2062;0104C;21/03/2018 08:41;261,5546875;21/03/2018 08:42;525,5351563;50,59864426
P34 V 104C;2052;0104C;21/03/2018 09:07;276,9257813;21/03/2018 09:08;221,9355469;32,65265274
P35 V 104C;2083;0104C;21/03/2018 00:14;54,11328125;21/03/2018 00:14;473,5273438;63,31679916
P35 V 104C;2004;0104C;21/03/2018 06:25;54,03320313;21/03/2018 06:25;105,796875;115,0775986
P35 V 104C;2083;0104C;21/03/2018 06:50;487,09375;21/03/2018 06:51;238,9765625;47,52458191
P35 V 104C;2062;0104C;21/03/2018 07:09;228,5039063;21/03/2018 07:10;12,37695313;28,90559959
P35 V 104C;2052;0104C;21/03/2018 07:36;66,35351563;21/03/2018 07:36;115,2167969;38,45011902
P35 V 104C;2053;0104C;21/03/2018 07:39;268,5839844;21/03/2018 07:40;478,6875;48,03878403
P35 V 104C;2050;0104C;21/03/2018 07:54;54,09375;21/03/2018 07:54;315,90625;44,40000153
P35 V 104C;2004;0104C;21/03/2018 08:01;486,5136719;21/03/2018 08:02;12,38671875;33,25999832
P35 V 104C;2083;0104C;21/03/2018 08:23;54,12304688;21/03/2018 08:24;315,9277344;44,40599823
P35 V 104C;2062;0104C;21/03/2018 08:41;471,1425781;21/03/2018 08:42;315,9472656;50,59864426
P35 V 104C;2052;0104C;21/03/2018 09:07;486,5136719;21/03/2018 09:08;12,34765625;32,65265274
P36 V 104C;2083;0104C;21/03/2018 00:14;17,93164063;21/03/2018 00:15;433,5273438;54,17520142
P36 V 104C;2004;0104C;21/03/2018 06:25;385,6621094;21/03/2018 06:26;69,37890625;32,76287842
P36 V 104C;2083;0104C;21/03/2018 06:51;252,4824219;21/03/2018 06:52;0,978515625;30,41519928
P36 V 104C;2062;0104C;21/03/2018 07:10;479,0820313;21/03/2018 07:10;1,197265625;57,63359833
P36 V 104C;2052;0104C;21/03/2018 07:36;376,2421875;21/03/2018 07:36;69,37890625;53,47439957
P36 V 104C;2053;0104C;21/03/2018 07:40;2,712890625;21/03/2018 07:41;433,5488281;33,41566086
P36 V 104C;2050;0104C;21/03/2018 07:54;175,5527344;21/03/2018 07:55;21,04882813;23,59199905
P36 V 104C;2004;0104C;21/03/2018 08:02;479,0722656;21/03/2018 08:03;62,77734375;65,02200317
P36 V 104C;2083;0104C;21/03/2018 08:24;175,53125;21/03/2018 08:24;69,1875;29,36639977
P36 V 104C;2062;0104C;21/03/2018 08:42;175,5117188;21/03/2018 08:43;131,1582031;36,80039978
P36 V 104C;2052;0104C;21/03/2018 09:09;15,69140625;21/03/2018 09:09;170,3984375;22,3307991
P37 V 104C;2083;0104C;21/03/2018 00:14;423,4589844;21/03/2018 00:15;28;54,17520142
P37 V 104C;2050;0104C;21/03/2018 06:21;274,359375;21/03/2018 06:21;157,0605469;51,770401
P37 V 104C;2004;0104C;21/03/2018 06:26;336,1484375;21/03/2018 06:27;28,06054688;43,7052002
P37 V 104C;2083;0104C;21/03/2018 06:52;252,1289063;21/03/2018 06:53;157,0214844;49,09799957
P37 V 104C;2062;0104C;21/03/2018 07:11;274,359375;21/03/2018 07:11;157,0410156;51,76800156
P37 V 104C;2052;0104C;21/03/2018 07:37;29,76953125;21/03/2018 07:37;398,8398438;51,43320084
P37 V 104C;2053;0104C;21/03/2018 07:40;408,2402344;21/03/2018 07:41;28,02148438;33,41566086
P37 V 104C;2050;0104C;21/03/2018 07:55;172,4902344;21/03/2018 07:56;290,6113281;53,7793541
P37 V 104C;2004;0104C;21/03/2018 08:04;172,5097656;21/03/2018 08:04;349,2207031;313,0379944
P37 V 104C;2083;0104C;21/03/2018 08:24;336,3398438;21/03/2018 08:25;6,16015625;41,09999847
P37 V 104C;2062;0104C;21/03/2018 08:43;274,3691406;21/03/2018 08:43;28,05078125;36,29040146
P37 V 104C;2052;0104C;21/03/2018 09:10;235,1289063;21/03/2018 09:10;157,0703125;235,3200073
P38 V 104C;2083;0104C;21/03/2018 00:15;311,296875;21/03/2018 00:15;210,6738281;62,63639832
P38 V 104C;2050;0104C;21/03/2018 06:21;182,2363281;21/03/2018 06:22;246,8730469;51,49319839
P38 V 104C;2004;0104C;21/03/2018 06:27;311,2363281;21/03/2018 06:27;59,953125;44,5428009
P38 V 104C;2083;0104C;21/03/2018 06:53;182,2753906;21/03/2018 06:53;59,953125;29,06760025
P38 V 104C;2062;0104C;21/03/2018 07:11;182,2558594;21/03/2018 07:12;37,03320313;26,31480026
P38 V 104C;2052;0104C;21/03/2018 07:37;369,0664063;21/03/2018 07:37;59,54296875;51,43320084
P38 V 104C;2053;0104C;21/03/2018 07:41;311,2753906;21/03/2018 07:41;47,6328125;39,15382004
P38 V 104C;2050;0104C;21/03/2018 07:56;48,68554688;21/03/2018 07:56;124,9042969;20,8307991
P38 V 104C;2004;0104C;21/03/2018 08:04;511,8066406;21/03/2018 08:04;9,923828125;313,0379944
P38 V 104C;2083;0104C;21/03/2018 08:25;333,1367188;21/03/2018 08:25;59,94335938;47,16960144
P38 V 104C;2062;0104C;21/03/2018 08:43;311,2460938;21/03/2018 08:44;2,984375;37,70759964
P38 V 104C;2052;0104C;21/03/2018 09:11;0,95703125;21/03/2018 09:11;11,81445313;6,567428589
P39 V 104C;2083;0104C;21/03/2018 00:15;5,349609375;21/03/2018 00:16;168,5195313;20,86440086
P39 V 104C;2050;0104C;21/03/2018 06:21;398,2597656;21/03/2018 06:22;30,84960938;51,49319839
P39 V 104C;2004;0104C;21/03/2018 06:28;156,0703125;21/03/2018 06:29;568,4707031;47,42443466
P39 V 104C;2083;0104C;21/03/2018 06:53;156,0703125;21/03/2018 06:54;126,3808594;33,89400101
P39 V 104C;2062;0104C;21/03/2018 07:12;178,9902344;21/03/2018 07:12;31,29101563;25,23360062
P39 V 104C;2052;0104C;21/03/2018 07:37;156,4804688;21/03/2018 07:38;31,22070313;22,52400017
P39 V 104C;2053;0104C;21/03/2018 07:42;91,109375;21/03/2018 07:43;31,25976563;8,157999992
P39 V 104C;2050;0104C;21/03/2018 07:56;91,11914063;21/03/2018 07:57;31,24023438;14,68319988
P39 V 104C;2004;0104C;21/03/2018 08:04;202,0898438;21/03/2018 08:05;31,24023438;16,15361595
P39 V 104C;2083;0104C;21/03/2018 08:26;91,12890625;21/03/2018 08:26;0,80078125;11,0316
P39 V 104C;2062;0104C;21/03/2018 08:45;91,08007813;21/03/2018 08:45;29,62109375;14,48400021
P39 V 104C;2052;0104C;21/03/2018 09:13;91,08007813;21/03/2018 09:14;31,23046875;15,72557163
P40 V 104C;2083;0104C;21/03/2018 00:16;53,13867188;21/03/2018 00:16;427,671875;57,69720078
P40 V 104C;2050;0104C;21/03/2018 06:22;190,8085938;21/03/2018 06:22;164,6816406;42,65879822
P40 V 104C;2004;0104C;21/03/2018 06:28;377,7285156;21/03/2018 06:29;346,8125;47,42443466
P40 V 104C;2083;0104C;21/03/2018 06:54;95,27734375;21/03/2018 06:54;90,91210938;22,34280014
P40 V 104C;2062;0104C;21/03/2018 07:12;190,3671875;21/03/2018 07:13;22,04296875;26,36813736
P40 V 104C;2052;0104C;21/03/2018 07:39;82,54882813;21/03/2018 07:39;270,5429688;45,39728546
P40 V 104C;2053;0104C;21/03/2018 07:43;190,3984375;21/03/2018 07:44;164,671875;255,6504059
P40 V 104C;2050;0104C;21/03/2018 07:58;53,12695313;21/03/2018 07:58;22,11132813;27,08639908
P40 V 104C;2004;0104C;21/03/2018 08:06;53,1484375;21/03/2018 08:06;427,6914063;57,70080185
P40 V 104C;2083;0104C;21/03/2018 08:28;53,15820313;21/03/2018 08:28;346,7929688;47,99399948
P40 V 104C;2062;0104C;21/03/2018 08:47;53,13867188;21/03/2018 08:47;276,6425781;39,57360077
P40 V 104C;2052;0104C;21/03/2018 09:14;190,4277344;21/03/2018 09:15;90,91210938;34,9249649
P41 V 104C;2083;0104C;21/03/2018 00:16;419,6738281;21/03/2018 00:16;61,13671875;57,69720078
P41 V 104C;2053;0104C;21/03/2018 05:56;344,453125;21/03/2018 05:57;212,0371094;66,77880096
P41 V 104C;2050;0104C;21/03/2018 06:22;201,8535156;21/03/2018 06:23;219,8261719;50,60160065
P41 V 104C;2004;0104C;21/03/2018 06:29;19,72265625;21/03/2018 06:29;357,8671875;45,31079865
P41 V 104C;2083;0104C;21/03/2018 06:55;89,87304688;21/03/2018 06:55;219,7773438;37,15800095
P41 V 104C;2062;0104C;21/03/2018 07:14;113,8027344;21/03/2018 07:14;357,9472656;424,5750122
P41 V 104C;2052;0104C;21/03/2018 07:40;19,72265625;21/03/2018 07:40;357,8769531;45,31200027
P41 V 104C;2053;0104C;21/03/2018 07:44;201,8632813;21/03/2018 07:44;462,15625;43,46312714
P41 V 104C;2050;0104C;21/03/2018 07:58;344,4238281;21/03/2018 07:59;357,9375;45,97265625
P41 V 104C;2004;0104C;21/03/2018 08:06;419,6835938;21/03/2018 08:06;61,15625;57,70080185
P41 V 104C;2083;0104C;21/03/2018 08:28;19,7421875;21/03/2018 08:29;357,8769531;45,31439972
P41 V 104C;2062;0104C;21/03/2018 08:47;89,89257813;21/03/2018 08:48;339,1464844;51,48479843
P41 V 104C;2052;0104C;21/03/2018 09:15;275,6230469;21/03/2018 09:15;219,8066406;59,45159912
P42 V 104C;2083;0104C;21/03/2018 00:16;358,8886719;21/03/2018 00:17;208,7617188;68,11799622
P42 V 104C;2053;0104C;21/03/2018 05:57;207,9882813;21/03/2018 05:57;233,7617188;53,00999832
P42 V 104C;2050;0104C;21/03/2018 06:23;200,1992188;21/03/2018 06:23;39,9609375;28,81920052
P42 V 104C;2004;0104C;21/03/2018 06:29;62,15820313;21/03/2018 06:30;126,6914063;22,66200066
P42 V 104C;2083;0104C;21/03/2018 06:56;62,08789063;21/03/2018 06:56;318,2519531;45,64080048
P42 V 104C;2062;0104C;21/03/2018 07:14;62,078125;21/03/2018 07:15;430,78125;32,25992584
P42 V 104C;2052;0104C;21/03/2018 07:41;62,078125;21/03/2018 07:41;437,9121094;138,4587708
P42 V 104C;2053;0104C;21/03/2018 07:44;621,8886719;21/03/2018 07:44;42,13085938;43,46312714
P42 V 104C;2050;0104C;21/03/2018 07:59;62,08789063;21/03/2018 07:59;54,62109375;84,03119659
P42 V 104C;2004;0104C;21/03/2018 08:06;200,2480469;21/03/2018 08:07;165,0507813;23,48357201
P42 V 104C;2083;0104C;21/03/2018 08:29;62,1484375;21/03/2018 08:29;67,44140625;15,55080032
P42 V 104C;2062;0104C;21/03/2018 08:48;80,87890625;21/03/2018 08:48;154,4121094;28,23480034
P42 V 104C;2052;0104C;21/03/2018 09:16;62,1484375;21/03/2018 09:16;545,0722656;198,7265472
P43 V 104C;2083;0104C;21/03/2018 00:17;129,0898438;21/03/2018 00:17;264,0605469;47,1780014
P43 V 104C;2053;0104C;21/03/2018 05:57;104,0898438;21/03/2018 05:58;89,4296875;23,22240067
P43 V 104C;2050;0104C;21/03/2018 06:23;297,890625;21/03/2018 06:24;131,8300781;49,90296936
P43 V 104C;2004;0104C;21/03/2018 06:30;211,1601563;21/03/2018 06:30;32,83984375;29,28000069
P43 V 104C;2083;0104C;21/03/2018 06:56;19,59960938;21/03/2018 06:57;66,61914063;10,34640026
P43 V 104C;2062;0104C;21/03/2018 07:14;399,9296875;21/03/2018 07:15;92,9296875;32,25992584
P43 V 104C;2052;0104C;21/03/2018 07:41;399,9296875;21/03/2018 07:41;100,0605469;138,4587708
P43 V 104C;2053;0104C;21/03/2018 07:44;295,7207031;21/03/2018 07:45;195,8496094;58,98839951
P43 V 104C;2050;0104C;21/03/2018 07:59;12,05078125;21/03/2018 08:00;120,1191406;15,8604002
P43 V 104C;2004;0104C;21/03/2018 08:07;172,8007813;21/03/2018 08:08;43,41015625;25,94519997
P43 V 104C;2083;0104C;21/03/2018 08:30;93,93945313;21/03/2018 08:30;52,88085938;17,61840057
P43 V 104C;2062;0104C;21/03/2018 08:48;183,4394531;21/03/2018 08:49;243,4101563;51,22200012
P43 V 104C;2052;0104C;21/03/2018 09:16;400;21/03/2018 09:16;207,2207031;198,7265472
P44 V 104C;2083;0104C;21/03/2018 00:17;373,1289063;21/03/2018 00:17;20,02148438;47,1780014
P44 V 104C;2053;0104C;21/03/2018 05:58;154,609375;21/03/2018 05:58;288,8613281;53,21640015
P44 V 104C;2050;0104C;21/03/2018 06:24;112,2089844;21/03/2018 06:24;441,3203125;66,42359924
P44 V 104C;2004;0104C;21/03/2018 06:30;211,1992188;21/03/2018 06:31;163,1015625;44,91600037
P44 V 104C;2083;0104C;21/03/2018 06:57;177,4199219;21/03/2018 06:57;219,7109375;46,11832428
P44 V 104C;2062;0104C;21/03/2018 07:15;151,109375;21/03/2018 07:16;274,3515625;51,05519867
P44 V 104C;2052;0104C;21/03/2018 07:41;143,9785156;21/03/2018 07:42;232,3203125;31,50418663
P44 V 104C;2053;0104C;21/03/2018 07:45;48,18945313;21/03/2018 07:45;274,4804688;37,47135544
P44 V 104C;2050;0104C;21/03/2018 08:00;123,9199219;21/03/2018 08:00;263,421875;46,48080063
P44 V 104C;2004;0104C;21/03/2018 08:08;200,6289063;21/03/2018 08:08;254,8613281;54,65879822
P44 V 104C;2083;0104C;21/03/2018 08:30;191,1582031;21/03/2018 08:31;21,88085938;25,56480026
P44 V 104C;2062;0104C;21/03/2018 08:49;0,62890625;21/03/2018 08:49;288,8515625;34,73759842
P45 V 104C;2053;0104C;21/03/2018 05:58;479,3730469;21/03/2018 05:59;3,197265625;57,90840149
P45 V 104C;2050;0104C;21/03/2018 06:25;69,76367188;21/03/2018 06:26;3,24609375;7,964727402
P45 V 104C;2053;0104C;21/03/2018 07:46;154,9335938;21/03/2018 07:47;3,17578125;17,7873745
P45 V 104C;2050;0104C;21/03/2018 08:01;154,953125;21/03/2018 08:02;534,5957031;57,72976685
P46 V 104C;2053;0104C;21/03/2018 05:59;205,7890625;21/03/2018 05:59;186,9101563;47,12400055
P46 V 104C;2050;0104C;21/03/2018 06:26;205,7402344;21/03/2018 06:26;182,7304688;49,9461441
P46 V 104C;2053;0104C;21/03/2018 07:47;205,7988281;21/03/2018 07:48;298,2597656;32,9930191
P46 V 104C;2050;0104C;21/03/2018 08:01;363,9394531;21/03/2018 08:02;325,609375;57,72976685
P47 V 104C;2053;0104C;21/03/2018 06:00;191,8867188;21/03/2018 06:01;487,7324219;81,55439758
P47 V 104C;2050;0104C;21/03/2018 06:28;166,6171875;21/03/2018 06:28;347,3125;370,0296021
P47 V 104C;2053;0104C;21/03/2018 07:49;151,0566406;21/03/2018 07:50;487,7226563;79,29682922
P47 V 104C;2050;0104C;21/03/2018 08:04;122,7675781;21/03/2018 08:04;645,5136719;345,7260132
P48 V 104C;2053;0104C;21/03/2018 06:01;406,0859375;21/03/2018 06:01;285,375;82,97519684
P48 V 104C;2050;0104C;21/03/2018 06:29;4,064453125;21/03/2018 06:29;51,43554688;49,95000076
P48 V 104C;2004;0104C;21/03/2018 06:34;55,22460938;21/03/2018 06:34;531,7050781;70,43160248
P48 V 104C;2083;0104C;21/03/2018 07:01;170,2558594;21/03/2018 07:02;273,8847656;51,57754898
P48 V 104C;2062;0104C;21/03/2018 07:20;57,16601563;21/03/2018 07:21;531,4550781;70,63439941
P48 V 104C;2052;0104C;21/03/2018 07:46;199,4257813;21/03/2018 07:46;184,9257813;46,12200165
P48 V 104C;2053;0104C;21/03/2018 07:50;406,0957031;21/03/2018 07:50;251,234375;78,87960052
P48 V 104C;2050;0104C;21/03/2018 08:04;199,4257813;21/03/2018 08:05;227,6757813;30,75119972
P48 V 104C;2083;0104C;21/03/2018 08:34;355,4648438;21/03/2018 08:35;57,1640625;49,5155983
P48 V 104C;2062;0104C;21/03/2018 08:53;73,3046875;21/03/2018 08:54;176,984375;30,03479958
P48 V 104C;2052;0104C;21/03/2018 09:20;31,92578125;21/03/2018 09:21;300,1640625;39,85079956
P49 V 104C;2083;0104C;21/03/2018 00:23;33,40234375;21/03/2018 00:23;421,0292969;54,53160095
P49 V 104C;2053;0104C;21/03/2018 06:02;200,7011719;21/03/2018 06:03;6,87890625;24,9095993
P49 V 104C;2050;0104C;21/03/2018 06:31;20,81054688;21/03/2018 06:31;567,2792969;1058,562012
P49 V 104C;2004;0104C;21/03/2018 06:35;27,86132813;21/03/2018 06:35;212,8378906;66,65538788
P49 V 104C;2083;0104C;21/03/2018 07:03;257,171875;21/03/2018 07:03;2,498046875;31,16040039
P49 V 104C;2062;0104C;21/03/2018 07:22;42,640625;21/03/2018 07:22;169,9980469;25,51679993
P49 V 104C;2052;0104C;21/03/2018 07:48;171,0605469;21/03/2018 07:48;149,5078125;38,46839905
P49 V 104C;2053;0104C;21/03/2018 07:51;519,3105469;21/03/2018 07:51;6,869140625;236,7810059
P49 V 104C;2050;0104C;21/03/2018 08:06;370,2910156;21/03/2018 08:06;33,54882813;48,46080017
P49 V 104C;2083;0104C;21/03/2018 08:36;131,8105469;21/03/2018 08:37;445,9589844;54,73610687
P49 V 104C;2052;0104C;21/03/2018 09:21;306,3320313;21/03/2018 09:22;445,9394531;48,36021423
P50 V 104C;2083;0104C;21/03/2018 00:23;21,4375;21/03/2018 00:24;272,9726563;42,3950386
P50 V 104C;2053;0104C;21/03/2018 06:03;76,27734375;21/03/2018 06:04;312,28125;46,62720108
P50 V 104C;2050;0104C;21/03/2018 06:31;463,2773438;21/03/2018 06:31;124,8125;1058,562012
P50 V 104C;2004;0104C;21/03/2018 06:35;229,6289063;21/03/2018 06:36;244,8613281;31,05752754
P50 V 104C;2083;0104C;21/03/2018 07:04;267,0683594;21/03/2018 07:04;24,26171875;34,95959854
P50 V 104C;2062;0104C;21/03/2018 07:24;3,068359375;21/03/2018 07:24;269,1523438;
P50 V 104C;2052;0104C;21/03/2018 07:48;292,9589844;21/03/2018 07:49;54,64257813;41,7120018
P50 V 104C;2053;0104C;21/03/2018 07:51;435,5976563;21/03/2018 07:52;315,0625;49,1341095
P50 V 104C;2050;0104C;21/03/2018 08:07;7,619140625;21/03/2018 08:07;149,1914063;18,81719971
P50 V 104C;2004;0104C;21/03/2018 08:14;244,1875;21/03/2018 08:15;42,32226563;34,38119888
P50 V 104C;2083;0104C;21/03/2018 08:36;574,2773438;21/03/2018 08:37;3,4921875;54,73610687
P50 V 104C;2052;0104C;21/03/2018 09:21;748,7988281;21/03/2018 09:22;3,47265625;48,36021423
P51 V 104C;2083;0104C;21/03/2018 00:24;23,10546875;21/03/2018 00:24;133,6035156;33,18564606
P51 V 104C;2053;0104C;21/03/2018 06:03;372,3554688;21/03/2018 06:04;16,203125;46,62720108
P51 V 104C;2050;0104C;21/03/2018 06:31;171,265625;21/03/2018 06:32;218,5332031;25,51418114
P51 V 104C;2004;0104C;21/03/2018 06:36;51,21679688;21/03/2018 06:37;50,59375;12,21720028
P51 V 104C;2083;0104C;21/03/2018 07:05;32,27539063;21/03/2018 07:05;50,59375;9,944399834
P51 V 104C;2062;0104C;21/03/2018 07:24;26,92578125;21/03/2018 07:25;202,34375;14,73878574
P51 V 104C;2052;0104C;21/03/2018 07:49;241,4355469;21/03/2018 07:49;50,60351563;35,0447998
P51 V 104C;2053;0104C;21/03/2018 07:51;731,6757813;21/03/2018 07:52;18,984375;49,1341095
P51 V 104C;2050;0104C;21/03/2018 08:07;146,8867188;21/03/2018 08:08;119,09375;31,91760063
P51 V 104C;2004;0104C;21/03/2018 08:15;253,7558594;21/03/2018 08:15;34,05273438;34,53720093
P51 V 104C;2083;0104C;21/03/2018 08:37;224,6367188;21/03/2018 08:37;46,1328125;32,49240112
P51 V 104C;2062;0104C;21/03/2018 08:56;146,8671875;21/03/2018 08:56;141,3027344;34,58039856
P51 V 104C;2052;0104C;21/03/2018 09:23;146,8671875;21/03/2018 09:23;50,60351563;23,69639969
P52 V 104C;2083;0104C;21/03/2018 00:24;90,49609375;21/03/2018 00:25;230,234375;20,99323654
P52 V 104C;2053;0104C;21/03/2018 06:04;55,85546875;21/03/2018 06:05;80,32421875;16,34160042
P52 V 104C;2050;0104C;21/03/2018 06:32;5,56640625;21/03/2018 06:33;17,7734375;2,800800085
P52 V 104C;2004;0104C;21/03/2018 06:37;5,595703125;21/03/2018 06:38;208,9238281;25,74239922
P52 V 104C;2083;0104C;21/03/2018 07:06;5,615234375;21/03/2018 07:06;86,78320313;11,0880003
P52 V 104C;2062;0104C;21/03/2018 07:25;21,75585938;21/03/2018 07:25;166,8046875;26,10830688
P52 V 104C;2052;0104C;21/03/2018 07:49;173,4960938;21/03/2018 07:50;17,7734375;22,95240021
P52 V 104C;2053;0104C;21/03/2018 07:53;69,43554688;21/03/2018 07:54;281,3046875;22,95752716
P52 V 104C;2050;0104C;21/03/2018 08:08;105,0058594;21/03/2018 08:08;17,7734375;14,73359966
P52 V 104C;2004;0104C;21/03/2018 08:16;60,73632813;21/03/2018 08:16;17,74414063;9,113806725
P52 V 104C;2083;0104C;21/03/2018 08:38;37,95507813;21/03/2018 08:38;17,7734375;6,471870899
P52 V 104C;2062;0104C;21/03/2018 08:56;82,796875;21/03/2018 08:57;17,72460938;12,06239986
P52 V 104C;2052;0104C;21/03/2018 09:24;21,75585938;21/03/2018 09:24;17,7734375;4,743599892
P53 V 104C;2083;0104C;21/03/2018 00:25;49,9765625;21/03/2018 00:25;81,5625;15,78479958
P53 V 104C;2053;0104C;21/03/2018 06:05;199,8867188;21/03/2018 06:05;24,3828125;26,91239929
P53 V 104C;2050;0104C;21/03/2018 06:33;262,4375;21/03/2018 06:33;1,2734375;31,64520073
P53 V 104C;2004;0104C;21/03/2018 06:38;71,28710938;21/03/2018 06:38;81,54296875;18,33959961
P53 V 104C;2083;0104C;21/03/2018 07:06;193,4277344;21/03/2018 07:07;22,73242188;25,93919945
P53 V 104C;2062;0104C;21/03/2018 07:27;69,05664063;21/03/2018 07:28;535,2539063;38,8484993
P53 V 104C;2052;0104C;21/03/2018 07:50;22,1171875;21/03/2018 07:51;146,3925781;20,22120094
P53 V 104C;2053;0104C;21/03/2018 07:53;349,6464844;21/03/2018 07:54;1,09375;22,95752716
P53 V 104C;2050;0104C;21/03/2018 08:09;23,49609375;21/03/2018 08:09;65,76367188;16,91242027
P53 V 104C;2004;0104C;21/03/2018 08:16;262,4667969;21/03/2018 08:17;24,36328125;34,41960144
P53 V 104C;2083;0104C;21/03/2018 08:38;262,4375;21/03/2018 08:39;16,4140625;33,4620018
P53 V 104C;2062;0104C;21/03/2018 08:58;49,98632813;21/03/2018 08:58;143,5136719;58,04999924
P53 V 104C;2052;0104C;21/03/2018 09:24;262,4375;21/03/2018 09:25;24,39257813;34,41960144
P54 V 104C;2083;0104C;21/03/2018 00:25;120,390625;21/03/2018 00:26;65,61914063;22,32119942
P54 V 104C;2053;0104C;21/03/2018 06:05;177,5703125;21/03/2018 06:06;11,72070313;21,9820652
P54 V 104C;2050;0104C;21/03/2018 06:34;55,52929688;21/03/2018 06:34;115,6894531;51,36600113
P54 V 104C;2004;0104C;21/03/2018 06:39;55,55078125;21/03/2018 06:39;227,609375;33,97919846
P54 V 104C;2083;0104C;21/03/2018 07:07;128,7402344;21/03/2018 07:08;115,6699219;29,32920074
P54 V 104C;2062;0104C;21/03/2018 07:27;271,0097656;21/03/2018 07:28;333,3007813;38,8484993
P54 V 104C;2052;0104C;21/03/2018 07:51;55,56054688;21/03/2018 07:51;226,6699219;33,86759949
P54 V 104C;2053;0104C;21/03/2018 07:54;61,93945313;21/03/2018 07:55;205,1503906;32,05080032
P54 V 104C;2050;0104C;21/03/2018 08:09;56,08984375;21/03/2018 08:10;254,7304688;20,3445816
P54 V 104C;2004;0104C;21/03/2018 08:17;177,5898438;21/03/2018 08:17;115,6992188;35,19480133
P54 V 104C;2083;0104C;21/03/2018 08:39;55,5703125;21/03/2018 08:40;227,5898438;33,97919846
P54 V 104C;2062;0104C;21/03/2018 08:58;58,43945313;21/03/2018 08:59;227,609375;20,59560013
P54 V 104C;2052;0104C;21/03/2018 09:25;177,5605469;21/03/2018 09:25;12,09960938;22,75919914
P55 V 104C;2083;0104C;21/03/2018 00:26;161,3808594;21/03/2018 00:26;28,74023438;22,81439972
P55 V 104C;2053;0104C;21/03/2018 06:06;215,2792969;21/03/2018 06:06;0,580078125;25,90320015
P55 V 104C;2050;0104C;21/03/2018 06:34;111,3105469;21/03/2018 06:35;263,5605469;24,0987854
P55 V 104C;2004;0104C;21/03/2018 06:39;282,5507813;21/03/2018 06:39;0,609375;33,97919846
P55 V 104C;2083;0104C;21/03/2018 07:08;111,3300781;21/03/2018 07:08;27,93945313;16,71240044
P55 V 104C;2062;0104C;21/03/2018 07:27;498,0097656;21/03/2018 07:28;106,3007813;38,8484993
P55 V 104C;2052;0104C;21/03/2018 07:51;0,330078125;21/03/2018 07:52;98,30078125;11,8355999
P55 V 104C;2053;0104C;21/03/2018 07:55;21,84960938;21/03/2018 07:55;83,40039063;12,63000011
P55 V 104C;2050;0104C;21/03/2018 08:09;283,0898438;21/03/2018 08:10;27,73046875;20,3445816
P55 V 104C;2004;0104C;21/03/2018 08:17;111,3007813;21/03/2018 08:17;0,529296875;25,16175079
P55 V 104C;2083;0104C;21/03/2018 08:39;282,5703125;21/03/2018 08:40;0,58984375;33,97919846
P55 V 104C;2062;0104C;21/03/2018 08:58;285,4394531;21/03/2018 08:59;0,609375;20,59560013
P55 V 104C;2052;0104C;21/03/2018 09:26;54,72070313;21/03/2018 09:26;106,3203125;19,32480049
P56 V 104C;2083;0104C;21/03/2018 00:27;99,12109375;21/03/2018 00:27;158,2988281;30,89039993
P56 V 104C;2083;0104C;21/03/2018 05:21;122,4511719;21/03/2018 05:22;78,52929688;24,11759949
P56 V 104C;2053;0104C;21/03/2018 06:07;47,28125;21/03/2018 06:07;86,61914063;28,35529327
P56 V 104C;2050;0104C;21/03/2018 06:36;6,841796875;21/03/2018 06:36;204,71875;25,3871994
P56 V 104C;2004;0104C;21/03/2018 06:40;6,91015625;21/03/2018 06:41;131,46875;20,75699997
P56 V 104C;2083;0104C;21/03/2018 07:09;6,890625;21/03/2018 07:10;158,25;18,01527214
P56 V 104C;2062;0104C;21/03/2018 07:28;10,8203125;21/03/2018 07:29;145,1191406;18,71279907
P56 V 104C;2052;0104C;21/03/2018 07:52;6,8203125;21/03/2018 07:53;515,3789063;35,47018814
P56 V 104C;2053;0104C;21/03/2018 07:56;6,900390625;21/03/2018 07:57;386,4199219;25,74458122
P56 V 104C;2050;0104C;21/03/2018 08:11;6,8515625;21/03/2018 08:12;157,9589844;19,7772007
P56 V 104C;2004;0104C;21/03/2018 08:18;362,1210938;21/03/2018 08:18;145,8496094;33,24894714
P56 V 104C;2083;0104C;21/03/2018 08:41;7,640625;21/03/2018 08:41;84,16992188;14,37026119
P56 V 104C;2062;0104C;21/03/2018 09:00;6,87109375;21/03/2018 09:00;195,7597656;24,31559944
P56 V 104C;2052;0104C;21/03/2018 09:27;11,52148438;21/03/2018 09:27;74,5;10,32240009
P58 V 104C;2083;0104C;21/03/2018 00:30;48,93945313;21/03/2018 00:31;128,6699219;21,3132
P58 V 104C;2083;0104C;21/03/2018 05:31;101,0800781;21/03/2018 05:31;98,01953125;23,8920002
P58 V 104C;2053;0104C;21/03/2018 06:10;101,0410156;21/03/2018 06:11;91,40039063;36,46231461
P58 V 104C;2050;0104C;21/03/2018 06:39;154,2910156;21/03/2018 06:40;63,36914063;26,11919975
P58 V 104C;2004;0104C;21/03/2018 06:44;127,9003906;21/03/2018 06:45;91,37890625;22,55451393
P58 V 104C;2083;0104C;21/03/2018 07:13;57,41992188;21/03/2018 07:14;368,0097656;27,84632683
P58 V 104C;2062;0104C;21/03/2018 07:32;37,609375;21/03/2018 07:33;214,6191406;30,26759911
P58 V 104C;2052;0104C;21/03/2018 07:55;188,0898438;21/03/2018 07:56;179,9199219;24,08792686
P58 V 104C;2053;0104C;21/03/2018 07:59;101,0507813;21/03/2018 08:00;128,6503906;27,56399918
P58 V 104C;2050;0104C;21/03/2018 08:15;37,640625;21/03/2018 08:15;209,2695313;28,67341995
P58 V 104C;2004;0104C;21/03/2018 08:22;101,0996094;21/03/2018 08:22;122,0097656;26,77319908
P58 V 104C;2083;0104C;21/03/2018 08:45;37,640625;21/03/2018 08:45;84,09960938;14,60879993
P58 V 104C;2062;0104C;21/03/2018 09:04;101,0800781;21/03/2018 09:05;127,8789063;27,47520065
P58 V 104C;2052;0104C;21/03/2018 09:31;335,8808594;21/03/2018 09:31;91,41992188;27,96872711
P59 V 104C;2083;0104C;21/03/2018 00:31;67,9453125;21/03/2018 00:31;18,01367188;15,47280025
P59 V 104C;2083;0104C;21/03/2018 05:31;98,59570313;21/03/2018 05:32;132,7539063;27,76199913
P59 V 104C;2053;0104C;21/03/2018 06:11;105,2148438;21/03/2018 06:11;150,125;30,64080048
P59 V 104C;2050;0104C;21/03/2018 06:40;133,2460938;21/03/2018 06:40;134,2949219;32,10480118
P59 V 104C;2004;0104C;21/03/2018 06:45;105,2363281;21/03/2018 06:45;138,8652344;29,29199982
P59 V 104C;2083;0104C;21/03/2018 07:13;254,0351563;21/03/2018 07:14;171,3945313;27,84632683
P59 V 104C;2062;0104C;21/03/2018 07:32;234,2246094;21/03/2018 07:33;18,00390625;30,26759911
P59 V 104C;2052;0104C;21/03/2018 07:56;16,6953125;21/03/2018 07:57;262,0839844;33,45360184
P59 V 104C;2053;0104C;21/03/2018 08:00;67,96484375;21/03/2018 08:00;16,1953125;43,2822876
P59 V 104C;2050;0104C;21/03/2018 08:15;234,2558594;21/03/2018 08:15;12,65429688;28,67341995
P59 V 104C;2004;0104C;21/03/2018 08:22;74,60546875;21/03/2018 08:23;262,1152344;40,40639877
P59 V 104C;2083;0104C;21/03/2018 08:45;97,57617188;21/03/2018 08:46;115,875;30,73679924
P59 V 104C;2062;0104C;21/03/2018 09:05;67,98632813;21/03/2018 09:05;175,984375;62,73514175
P59 V 104C;2052;0104C;21/03/2018 09:31;105,1953125;21/03/2018 09:32;165,3847656;32,46960068
P60 V 104C;2083;0104C;21/03/2018 00:31;116,6445313;21/03/2018 00:32;122,09375;15,62661839
P60 V 104C;2083;0104C;21/03/2018 05:32;133,2558594;21/03/2018 05:32;43,02539063;20,47122574
P60 V 104C;2053;0104C;21/03/2018 06:11;115,8847656;21/03/2018 06:12;42,88476563;19,05240059
P60 V 104C;2050;0104C;21/03/2018 06:41;26,765625;21/03/2018 06:41;122,0839844;17,86199951
P60 V 104C;2004;0104C;21/03/2018 06:46;3,884765625;21/03/2018 06:46;43,07421875;24,15085793
P60 V 104C;2083;0104C;21/03/2018 07:14;40,93554688;21/03/2018 07:14;42,63476563;14,32628536
P60 V 104C;2062;0104C;21/03/2018 07:34;90,00585938;21/03/2018 07:34;349,0839844;52,69079971
P60 V 104C;2052;0104C;21/03/2018 07:57;3,92578125;21/03/2018 07:57;122,09375;15,12240028
P60 V 104C;2053;0104C;21/03/2018 08:00;90,015625;21/03/2018 08:01;122,0742188;18,179142
P60 V 104C;2050;0104C;21/03/2018 08:16;4,076171875;21/03/2018 08:16;122,0644531;18,16415977
P60 V 104C;2004;0104C;21/03/2018 08:23;3,89453125;21/03/2018 08:23;122,0644531;15,11520004
P60 V 104C;2083;0104C;21/03/2018 08:46;16,04492188;21/03/2018 08:47;122,0546875;16,5720005
P60 V 104C;2052;0104C;21/03/2018 09:32;100,625;21/03/2018 09:32;122,1054688;26,7276001
P61 V 104C;2083;0104C;21/03/2018 00:32;4,755859375;21/03/2018 00:33;222,2441406;26,36128998
P61 V 104C;2083;0104C;21/03/2018 05:32;83,82421875;21/03/2018 05:33;157,9160156;29,00880051
P61 V 104C;2026;0104C;21/03/2018 05:40;92,5546875;21/03/2018 05:40;92,11523438;22,16040039
P61 V 104C;2062;0104C;21/03/2018 05:46;78,40429688;21/03/2018 05:47;17,20507813;11,47319984
P61 V 104C;2052;0104C;21/03/2018 06:08;13,86523438;21/03/2018 06:09;295,1953125;20,22938156
P61 V 104C;2053;0104C;21/03/2018 06:12;83,96484375;21/03/2018 06:12;157,9257813;108,850502
P61 V 104C;2050;0104C;21/03/2018 06:41;4,765625;21/03/2018 06:42;222,234375;27,23999977
P61 V 104C;2004;0104C;21/03/2018 06:46;83,77539063;21/03/2018 06:47;157,9042969;124,292572
P61 V 104C;2083;0104C;21/03/2018 07:14;84,21484375;21/03/2018 07:15;157,9160156;29,05559921
P61 V 104C;2062;0104C;21/03/2018 07:34;216,8554688;21/03/2018 07:34;222,234375;52,69079971
P61 V 104C;2052;0104C;21/03/2018 07:57;4,755859375;21/03/2018 07:58;222,2441406;27,23999977
P61 V 104C;2053;0104C;21/03/2018 08:01;4,775390625;21/03/2018 08:01;157,9160156;19,52280045
P61 V 104C;2050;0104C;21/03/2018 08:17;4,78515625;21/03/2018 08:17;295,1855469;179,9819946
P61 V 104C;2004;0104C;21/03/2018 08:23;4,78515625;21/03/2018 08:24;222,2148438;27,23999977
P61 V 104C;2083;0104C;21/03/2018 08:47;4,794921875;21/03/2018 08:47;222,2050781;163,4400024
P61 V 104C;2052;0104C;21/03/2018 09:32;4,744140625;21/03/2018 09:33;222,2558594;27,23999977
P62 V 104C;2083;0104C;21/03/2018 00:33;35,91796875;21/03/2018 00:33;160,453125;23,56439972
P62 V 104C;2083;0104C;21/03/2018 05:33;100,2460938;21/03/2018 05:33;37,03320313;16,47360039
P62 V 104C;2026;0104C;21/03/2018 05:40;166,046875;21/03/2018 05:41;37,03320313;24,3696003
P62 V 104C;2062;0104C;21/03/2018 05:47;35,9375;21/03/2018 05:48;37,03320313;8,473935127
P62 V 104C;2052;0104C;21/03/2018 06:08;272,0273438;21/03/2018 06:09;37,03320313;20,22938156
P62 V 104C;2053;0104C;21/03/2018 06:12;100,2363281;21/03/2018 06:13;428,4726563;34,60647202
P62 V 104C;2050;0104C;21/03/2018 06:42;35,92773438;21/03/2018 06:42;216,8535156;91,00080109
P62 V 104C;2004;0104C;21/03/2018 06:47;35,94726563;21/03/2018 06:47;37,0234375;20,20707703
P62 V 104C;2083;0104C;21/03/2018 07:15;100,2460938;21/03/2018 07:15;59,34375;19,1508007
P62 V 104C;2062;0104C;21/03/2018 07:34;35,92773438;21/03/2018 07:35;160,4335938;23,5632
P62 V 104C;2052;0104C;21/03/2018 07:58;35,91796875;21/03/2018 07:58;160,453125;27,18969154
P62 V 104C;2053;0104C;21/03/2018 08:01;100,2460938;21/03/2018 08:02;37,03320313;16,47360039
P62 V 104C;2050;0104C;21/03/2018 08:17;262,9472656;21/03/2018 08:17;37,0234375;179,9819946
P62 V 104C;2004;0104C;21/03/2018 08:24;35,94726563;21/03/2018 08:24;233,0820313;32,28359985
P62 V 104C;2083;0104C;21/03/2018 08:47;35,95703125;21/03/2018 08:48;330,9921875;24,01854515
P62 V 104C;2052;0104C;21/03/2018 09:33;35,90625;21/03/2018 09:33;59,37304688;11,43360043
P63 V 104C;2083;0104C;21/03/2018 00:33;70,890625;21/03/2018 00:34;197,1484375;32,16479874
P63 V 104C;2083;0104C;21/03/2018 05:33;194,3105469;21/03/2018 05:34;98,5390625;35,14199829
P63 V 104C;2026;0104C;21/03/2018 05:41;194,3105469;21/03/2018 05:41;99,69921875;35,28120041
P63 V 104C;2062;0104C;21/03/2018 05:56;172;21/03/2018 05:57;503,6210938;43,43271255
P63 V 104C;2052;0104C;21/03/2018 06:09;194,3105469;21/03/2018 06:10;99,71875;35,28359985
P63 V 104C;2053;0104C;21/03/2018 06:12;331,5800781;21/03/2018 06:13;197,1289063;34,60647202
P63 V 104C;2050;0104C;21/03/2018 06:42;14,48046875;21/03/2018 06:43;232,2890625;34,16815567
P63 V 104C;2004;0104C;21/03/2018 06:47;194,3203125;21/03/2018 06:48;197,0800781;32,02363586
P63 V 104C;2083;0104C;21/03/2018 07:16;172;21/03/2018 07:16;99,68945313;163,0140076
P63 V 104C;2062;0104C;21/03/2018 07:35;70,91015625;21/03/2018 07:35;197,1191406;32,16360092
P63 V 104C;2052;0104C;21/03/2018 07:58;70,86132813;21/03/2018 07:59;197,1484375;32,16120148
P63 V 104C;2053;0104C;21/03/2018 08:03;172;21/03/2018 08:03;99,63867188;162,9839935
P63 V 104C;2050;0104C;21/03/2018 08:17;194,3203125;21/03/2018 08:18;99,68945313;19,60066605
P63 V 104C;2004;0104C;21/03/2018 08:24;267,2910156;21/03/2018 08:24;1,73828125;32,28359985
P63 V 104C;2083;0104C;21/03/2018 08:47;267,3007813;21/03/2018 08:48;99,6484375;24,01854515
P63 V 104C;2052;0104C;21/03/2018 09:34;14,48046875;21/03/2018 09:34;197,1601563;25,39679909
P64 V 104C;2083;0104C;21/03/2018 00:34;38,87109375;21/03/2018 00:34;168,3984375;24,87240028
P64 V 104C;2083;0104C;21/03/2018 05:34;137,4804688;21/03/2018 05:34;109,8710938;29,68199921
P64 V 104C;2026;0104C;21/03/2018 05:41;136,3203125;21/03/2018 05:42;168,3789063;36,56399918
P64 V 104C;2062;0104C;21/03/2018 05:56;408,0195313;21/03/2018 05:57;267,6015625;43,43271255
P64 V 104C;2052;0104C;21/03/2018 06:10;136,3007813;21/03/2018 06:10;168,3984375;36,56399918
P64 V 104C;2053;0104C;21/03/2018 06:13;38,890625;21/03/2018 06:13;141,9179688;50,07046127
P64 V 104C;2050;0104C;21/03/2018 06:43;3,73046875;21/03/2018 06:43;266,078125;38,85263824
P64 V 104C;2004;0104C;21/03/2018 06:48;38,93945313;21/03/2018 06:48;93,46875;43,33418274
P64 V 104C;2083;0104C;21/03/2018 07:16;136,3300781;21/03/2018 07:17;339,1679688;31,12363625
P64 V 104C;2062;0104C;21/03/2018 07:36;38,90039063;21/03/2018 07:36;168,4179688;373,1759949
P64 V 104C;2052;0104C;21/03/2018 07:59;38,87109375;21/03/2018 07:59;168,4492188;24,8784008
P64 V 104C;2053;0104C;21/03/2018 08:03;136,3808594;21/03/2018 08:04;257,7890625;25,80021858
P64 V 104C;2050;0104C;21/03/2018 08:18;38,91992188;21/03/2018 08:19;168,359375;29,84832001
P64 V 104C;2004;0104C;21/03/2018 08:24;234,28125;21/03/2018 08:25;133,828125;44,1731987
P64 V 104C;2083;0104C;21/03/2018 08:48;136,3496094;21/03/2018 08:49;168,3710938;37,82730865
P64 V 104C;2062;0104C;21/03/2018 09:08;3,701171875;21/03/2018 09:09;267,578125;32,55360031
P64 V 104C;2052;0104C;21/03/2018 09:34;38,859375;21/03/2018 09:35;163,7382813;24,31200027
P65 V 104C;2083;0104C;21/03/2018 00:35;5,296875;21/03/2018 00:35;115,53125;14,49960041
P65 V 104C;2083;0104C;21/03/2018 05:38;5,23828125;21/03/2018 05:39;284,0625;18,93600082
P65 V 104C;2026;0104C;21/03/2018 05:42;104,46875;21/03/2018 05:42;116,921875;26,56679916
P65 V 104C;2062;0104C;21/03/2018 05:57;5,24609375;21/03/2018 05:57;110,421875;24,49482346
P65 V 104C;2052;0104C;21/03/2018 06:10;104,4492188;21/03/2018 06:11;114,5625;26,28120041
P65 V 104C;2053;0104C;21/03/2018 06:14;5,23828125;21/03/2018 06:14;188,09375;22,45122528
P65 V 104C;2050;0104C;21/03/2018 06:43;5,23828125;21/03/2018 06:44;110,5039063;12,6261816
P65 V 104C;2004;0104C;21/03/2018 06:48;5,2890625;21/03/2018 06:49;116,7929688;14,64960003
P65 V 104C;2083;0104C;21/03/2018 07:16;409,1777344;21/03/2018 07:17;66,3203125;31,12363625
P65 V 104C;2062;0104C;21/03/2018 07:36;104,4296875;21/03/2018 07:37;188,0234375;19,1421814
P65 V 104C;2052;0104C;21/03/2018 07:59;104,3984375;21/03/2018 08:00;104,4414063;25,06080055
P65 V 104C;2053;0104C;21/03/2018 08:04;15,05859375;21/03/2018 08:04;113,4804688;15,42479992
P65 V 104C;2050;0104C;21/03/2018 08:19;104,4882813;21/03/2018 08:19;101,703125;21,20811462
P65 V 104C;2004;0104C;21/03/2018 08:25;5,24609375;21/03/2018 08:26;211,9804688;26,06760025
P65 V 104C;2083;0104C;21/03/2018 08:49;5,23828125;21/03/2018 08:50;163,0820313;27,54327202
P65 V 104C;2062;0104C;21/03/2018 09:09;5,26953125;21/03/2018 09:10;354,7421875;27,57523346
P65 V 104C;2052;0104C;21/03/2018 09:35;5,21875;21/03/2018 09:36;118,9726563;14,90279961
P66 V 104C;2083;0104C;21/03/2018 00:36;5,78125;21/03/2018 00:36;255,875;31,39920044
P66 V 104C;2083;0104C;21/03/2018 05:39;76,47265625;21/03/2018 05:39;258,546875;40,20240021
P66 V 104C;2026;0104C;21/03/2018 05:43;5,79296875;21/03/2018 05:43;348,828125;42,5544014
P66 V 104C;2062;0104C;21/03/2018 05:57;248,6445313;21/03/2018 05:58;416,3476563;43,52661896
P66 V 104C;2052;0104C;21/03/2018 06:11;63,453125;21/03/2018 06:12;306,046875;44,34000015
P66 V 104C;2053;0104C;21/03/2018 06:14;172,4414063;21/03/2018 06:15;193,546875;43,91880035
P66 V 104C;2050;0104C;21/03/2018 06:45;5,79296875;21/03/2018 06:46;393,5976563;33,43730164
P66 V 104C;2004;0104C;21/03/2018 06:49;243,7421875;21/03/2018 06:50;178,5664063;253,3860016
P66 V 104C;2083;0104C;21/03/2018 07:18;10,1015625;21/03/2018 07:18;59,6171875;10,91269588
P66 V 104C;2062;0104C;21/03/2018 07:37;5,78125;21/03/2018 07:38;193,5273438;23,91720009
P66 V 104C;2052;0104C;21/03/2018 08:00;243,1640625;21/03/2018 08:01;414,125;50,34561539
P66 V 104C;2053;0104C;21/03/2018 08:05;182,1640625;21/03/2018 08:05;220,8867188;48,36600113
P66 V 104C;2050;0104C;21/03/2018 08:20;5,79296875;21/03/2018 08:21;152,3476563;16,26582909
P66 V 104C;2004;0104C;21/03/2018 08:26;148,5546875;21/03/2018 08:26;258,5351563;48,85079956
P66 V 104C;2083;0104C;21/03/2018 08:50;138,625;21/03/2018 08:50;193,4960938;39,85440063
P66 V 104C;2062;0104C;21/03/2018 09:10;5,79296875;21/03/2018 09:11;258,546875;31,7208004
P66 V 104C;2052;0104C;21/03/2018 09:36;241,5625;21/03/2018 09:36;27,42578125;32,27880096
P67 V 104C;2083;0104C;21/03/2018 00:36;204,7617188;21/03/2018 00:36;56,89453125;31,39920044
P67 V 104C;2083;0104C;21/03/2018 05:39;275,453125;21/03/2018 05:39;59,56640625;40,20240021
P67 V 104C;2026;0104C;21/03/2018 05:43;204,7734375;21/03/2018 05:43;149,8476563;42,5544014
P67 V 104C;2062;0104C;21/03/2018 05:57;447,625;21/03/2018 05:58;217,3671875;43,52661896
P67 V 104C;2052;0104C;21/03/2018 06:11;262,4335938;21/03/2018 06:12;107,0664063;44,34000015
P67 V 104C;2053;0104C;21/03/2018 06:15;5,43359375;21/03/2018 06:15;19,0546875;17,63279915
P67 V 104C;2050;0104C;21/03/2018 06:45;204,7734375;21/03/2018 06:46;194,6171875;33,43730164
P67 V 104C;2004;0104C;21/03/2018 06:50;20,4140625;21/03/2018 06:51;260,2460938;18,37047195
P67 V 104C;2083;0104C;21/03/2018 07:18;139,3632813;21/03/2018 07:19;59,56640625;18,84600067
P67 V 104C;2062;0104C;21/03/2018 07:38;5,453125;21/03/2018 07:38;109,3359375;13,7748003
P67 V 104C;2052;0104C;21/03/2018 08:00;442,1445313;21/03/2018 08:01;215,1445313;50,34561539
P67 V 104C;2053;0104C;21/03/2018 08:05;381,1445313;21/03/2018 08:05;21,90625;48,36600113
P67 V 104C;2050;0104C;21/03/2018 08:21;46,6328125;21/03/2018 08:22;260,3476563;20,85147095
P67 V 104C;2004;0104C;21/03/2018 08:26;347,5351563;21/03/2018 08:26;59,5546875;48,85079956
P67 V 104C;2083;0104C;21/03/2018 08:50;5,484375;21/03/2018 08:51;109,5351563;13,80239964
P67 V 104C;2062;0104C;21/03/2018 09:10;204,7734375;21/03/2018 09:11;59,56640625;31,7208004
P68 V 104C;2083;0104C;21/03/2018 00:36;144,359375;21/03/2018 00:37;110,4609375;30,57839966
P68 V 104C;2083;0104C;21/03/2018 05:39;141,6875;21/03/2018 05:40;103,1914063;29,38559914
P68 V 104C;2026;0104C;21/03/2018 05:43;51,40625;21/03/2018 05:44;313,1015625;42,33019257
P68 V 104C;2062;0104C;21/03/2018 05:57;648,8789063;21/03/2018 05:58;16,11328125;43,52661896
P68 V 104C;2052;0104C;21/03/2018 06:12;94,1875;21/03/2018 06:12;213,703125;36,94680023
P68 V 104C;2053;0104C;21/03/2018 06:15;182,1992188;21/03/2018 06:16;213,734375;95,02320099
P68 V 104C;2050;0104C;21/03/2018 06:46;6,63671875;21/03/2018 06:46;60,3515625;40,19400024
P68 V 104C;2004;0104C;21/03/2018 06:50;221,6679688;21/03/2018 06:51;58,9921875;18,37047195
P68 V 104C;2083;0104C;21/03/2018 07:19;141,6875;21/03/2018 07:19;49,28125;40,44070435
P68 V 104C;2062;0104C;21/03/2018 07:38;91,91796875;21/03/2018 07:39;60,3515625;18,2723999
P68 V 104C;2052;0104C;21/03/2018 08:00;643,3984375;21/03/2018 08:01;13,890625;50,34561539
P68 V 104C;2053;0104C;21/03/2018 08:05;179,3476563;21/03/2018 08:06;30,78125;25,21559906
P68 V 104C;2050;0104C;21/03/2018 08:21;247,8867188;21/03/2018 08:22;59,09375;20,85147095
P68 V 104C;2004;0104C;21/03/2018 08:26;141,6992188;21/03/2018 08:27;60,34375;24,24480057
P68 V 104C;2083;0104C;21/03/2018 08:51;91,71875;21/03/2018 08:51;261,5507813;42,39239883
P68 V 104C;2062;0104C;21/03/2018 09:11;141,6875;21/03/2018 09:11;141,6914063;34,00559998
P69 V 104C;2083;0104C;21/03/2018 05:40;144,5390625;21/03/2018 05:40;65,3828125;25,19039917
P69 V 104C;2026;0104C;21/03/2018 05:43;299,1367188;21/03/2018 05:44;65,37109375;42,33019257
P69 V 104C;2062;0104C;21/03/2018 05:58;231,6171875;21/03/2018 05:59;65,37109375;35,63880157
P69 V 104C;2052;0104C;21/03/2018 06:12;34,02734375;21/03/2018 06:13;212,59375;29,59440041
P69 V 104C;2053;0104C;21/03/2018 06:16;33,99609375;21/03/2018 06:16;235,8710938;17,6642189
P69 V 104C;2050;0104C;21/03/2018 06:46;85,37890625;21/03/2018 06:47;230,5234375;20,6770916
P69 V 104C;2004;0104C;21/03/2018 06:51;5,0390625;21/03/2018 06:52;118,0429688;14,29316139
P69 V 104C;2083;0104C;21/03/2018 07:20;5,01953125;21/03/2018 07:20;193,34375;23,80319977
P69 V 104C;2062;0104C;21/03/2018 07:39;5,01953125;21/03/2018 07:40;118,0625;14,76959991
P69 V 104C;2052;0104C;21/03/2018 08:01;233,8398438;21/03/2018 08:02;65,3828125;35,90639877
P69 V 104C;2053;0104C;21/03/2018 08:06;5,02734375;21/03/2018 08:06;13,84375;67,93199921
P69 V 104C;2050;0104C;21/03/2018 08:22;34,02734375;21/03/2018 08:23;235,84375;17,6642189
P69 V 104C;2004;0104C;21/03/2018 08:27;187,3867188;21/03/2018 08:27;65,37109375;30,33119965
P69 V 104C;2083;0104C;21/03/2018 08:51;339,4492188;21/03/2018 08:51;13,8203125;42,39239883
